"","Flag","FlagCountry","Beam","Draft","Length","Type","Name"
"1","LT","Lithuania",11.39,3.79,86.9,"loadCarrier","ARAMIS"
"2","BS","Bahamas",15.8,4.11,134,"passenger","WIND STAR"
"3","BS","Bahamas",20,5.01,187,"passenger","WIND SURF"
"4","MT","Malta",25.46,5.95,181,"passenger","AZAMARA PURSUIT"
"5","MT","Malta",25.46,5.95,181,"passenger","AZAMARA JOURNEY"
"6","DK","Denmark",32.19,12.22,183,"depositTank","TORM CORRIDO"
"7","LR","Liberia",16.6,4.6,140,"depositTank","ZUMRUT ANA"
"8","MT","Malta",16.8,6.29,105.5,"depositTank","ATLANTIS AUGUSTA"
"9","PA","Panama",15.8,6.58,107,"depositTank","MRC HATICE ANA"
"10","LR","Liberia",22.5,7.8,132,"bulkCarrier","UBC CHILE"
"11","MH","Marshall Islands",38,10.23,199.96,"carFerry","SIRIUS HIGHWAY"
"12","CY","Cyprus",22.2,7.36,140,"containerShip","ANDROMEDA J"
"13","CY","Cyprus",25.6,6.53,186,"ferry","NAPOLES"
"14","CY","Cyprus",25.6,6.53,186.25,"ferry","SICILIA"
"15","CY","Cyprus",25.6,6.53,186.25,"ferry","NAPOLES"
"16","DZ","Algeria",24.29,9.5,172,"containerShip","DJANET"
"17","IT","Italy",37.5,11.5,240,"rollOnRollOff","JOLLY PALLADIO"
"18","TR","Turkey",18.4,7.5,118.4,"containerShip","AKHISAR"
"19","IT","Italy",16.8,7.38,112.4,"depositTank","LEALE"
"20","MH","Marshall Islands",32.26,9.73,200,"carFerry","EMERALD ACE"
"21","AG","Antigua and Barbuda",22.7,7.7,149,"containerShip","KRETA S"
"22","AG","Antigua and Barbuda",23.25,8.51,148,"containerShip","JSP BORA"
"23","CY","Cyprus",23.25,8.51,148,"containerShip","MAREN"
"24","FR","France",27.2,9.36,170,"containerShip","MARFRET GUYANE"
"25","FR","France",51,16,366,"containerShip","CMA CGM KIMBERLEY"
"26","FR","France",51,16,366,"containerShip","CMA CGM PATAGONIA"
"27","HK","Hong Kong",48.2,15.53,366.47,"containerShip","OOCL FRANCE"
"28","HK","Hong Kong",40,14.02,304,"containerShip","MAERSK KINGSTON"
"29","LR","Liberia",23.5,9.32,157,"containerShip","AVRA MITERAS"
"30","LR","Liberia",48.2,14.52,299,"containerShip","MSC ALTAMIRA"
"31","LR","Liberia",45.6,13.5,300,"containerShip","TENO"
"32","LR","Liberia",32.2,13.52,294.05,"containerShip","MSC DORINE"
"33","LR","Liberia",32.2,11.5,243,"containerShip","MSC CAPUCINE R"
"34","LR","Liberia",23.25,8.51,148,"containerShip","MSC SIGMA F"
"35","LR","Liberia",32.26,13.52,294,"containerShip","GENOVA"
"36","LR","Liberia",22.6,8.8,139,"containerShip","CONTSHIP MAX"
"37","LT","Lithuania",23.25,8.51,147.84,"containerShip","KANTATA"
"38","MH","Marshall Islands",25.6,9.2,158.75,"containerShip","MORAGA"
"39","MH","Marshall Islands",42.8,14.55,271,"containerShip","OLIVIA I"
"40","MH","Marshall Islands",42.8,14.5,270,"containerShip","MARY"
"41","MH","Marshall Islands",42.8,15.03,322.97,"containerShip","SEAMAX DARIEN"
"42","MT","Malta",51,16,366,"containerShip","CMA CGM TENERE"
"43","MT","Malta",51,16,366,"containerShip","CMA CGM UNITY"
"44","MT","Malta",51,16,366,"containerShip","CMA CGM IGUACU"
"45","PA","Panama",61.51,16.5,400,"containerShip","MSC GULSUN"
"46","PT","Portugal",23.9,9.19,139,"containerShip","JONA SOPHIE"
"47","PT","Portugal",20.6,6.99,153,"rollOnRollOff","PAULINE RUSS"
"48","PT","Portugal",27.6,10.7,179.69,"containerShip","MACAO"
"49","PT","Portugal",22.5,8.71,134.44,"containerShip","WEC MONDRIAAN"
"50","PT","Portugal",48.2,14.5,299.82,"containerShip","MSC DOMITILLE"
"51","PT","Portugal",22.6,8.8,139,"containerShip","ANNE"
"52","PT","Portugal",23.9,9.19,139,"containerShip","BARBARA P"
"53","PT","Portugal",48.2,14.5,300,"containerShip","MSC BRUNELLA"
"54","IT","Italy",19,8.22,118,"depositTank","DOMENICO IEVOLI"
"55","MH","Marshall Islands",32.2,13.31,183,"depositTank","CL ZHAOGE"
"56","BM","Bermuda",32.25,13.63,294,"containerShip","KOBE EXPRESS"
"57","DE","Germany",42.8,14.5,321,"containerShip","BERLIN EXPRESS"
"58","DK","Denmark",29.8,11.4,211,"containerShip","MAERSK NEWPORT"
"59","GB","United Kingdom",51,16,366,"containerShip","ZEAL LUMOS"
"60","HK","Hong Kong",29.8,11.4,211,"containerShip","SAFMARINE NILE"
"61","HK","Hong Kong",32.2,13.65,294.13,"containerShip","ALTAMIRA EXPRESS"
"62","LR","Liberia",27.6,11.35,189,"containerShip","AS ANITA"
"63","LR","Liberia",32.24,12.6,260.01,"containerShip","ZIM SHEKOU"
"64","LR","Liberia",30,12,222.14,"containerShip","ODYSSEUS"
"65","MH","Marshall Islands",51,15.52,369,"containerShip","LINAH"
"66","MH","Marshall Islands",25.6,9.2,159,"containerShip","RACHEL BORCHARD"
"67","MH","Marshall Islands",51,15.52,369,"containerShip","AL MURABBA"
"68","MH","Marshall Islands",42.8,14.5,300.07,"containerShip","BALTIC BRIDGE"
"69","MT","Malta",29.8,11.55,200,"containerShip","CINZIA A"
"70","MT","Malta",28.1,9.5,170,"containerShip","JOSITA B"
"71","MT","Malta",19.4,7.35,133.6,"containerShip","X-PRESS VESUVIO"
"72","MT","Malta",19.4,7.35,133.6,"containerShip","X-PRESS MONTE CERVINO"
"73","PT","Portugal",21.8,7.34,141,"containerShip","VERONICA B"
"74","PT","Portugal",23.5,8.6,158,"containerShip","NORDIC ISTRIA"
"75","PT","Portugal",40,14.02,275,"containerShip","HERTA"
"76","SG","Singapore",51.2,15.52,366,"containerShip","ONE MANCHESTER"
"77","TR","Turkey",29.8,11.4,210.45,"containerShip","VIVIEN A"
"78","DK","Denmark",19.05,7.6,101,"depositTank","ALICE THERESA"
"79","DK","Denmark",19.6,8.35,130,"depositTank","SCANDIC"
"80","MT","Malta",18.6,7.81,110,"depositTank","NORTHSEA ALPHA"
"81","MT","Malta",18.2,7.77,115,"depositTank","ANDREA D"
"82","ES","Spain",25.6,5.7,165,"ferry","MARTIN I SOLER"
"83","IT","Italy",24.8,9.8,157,"bulkCarrier","MATTEO BR"
"84","MT","Malta",18,4.77,141,"loadCarrier","AZOV CONFIDENCE"
"85","PA","Panama",13.6,5.5,81,"loadCarrier","DES"
"86","TR","Turkey",28,9.79,179,"bulkCarrier","SERVET ANA"
"87","ES","Spain",26.2,6.2,172,"ferry","CIUDAD DE GRANADA"
"88","ES","Spain",26.4,6.7,176,"ferry","VOLCAN DEL TEIDE"
"89","ES","Spain",21,6,141.25,"rollOnRollOff","L'AUDACE"
"90","ES","Spain",21,6,141,"carFerry","BOUZAS"
"91","IT","Italy",26.6,6.4,199,"ferry","TENACIA"
"92","IT","Italy",25.6,6.79,186,"ferry","GNV SEALAND"
"93","IT","Italy",25.6,6.55,203,"ferry","GNV BRIDGE"
"94","IT","Italy",29,6.53,161,"ferry","GNV CRISTAL"
"95","IT","Italy",25.6,6,186,"ferry","GNV SEALAND"
"96","BM","Bermuda",32.26,12.92,183,"depositTank","STENAWECO IMPULSE"
"97","MH","Marshall Islands",32.2,13.33,183.12,"depositTank","STI BATTERY"
"98","IT","Italy",34,7.2,238,"rollOnRollOff","ECO BARCELONA"
"99","IT","Italy",30.4,7,253.8,"ferry","CRUISE BARCELONA"
"100","IT","Italy",34,7.2,238,"rollOnRollOff","ECO VALENCIA"
"101","IT","Italy",30.4,7,253.8,"ferry","CRUISE ROMA"
"102","MT","Malta",46.4,12.52,295,"depositTank","BW LILAC"
"103","GB","United Kingdom",38.4,8.55,330,"passenger","BRITANNIA"
"104","IT","Italy",32.2,7.2,253,"passenger","AIDABLU"
"105","MT","Malta",43,8.75,331,"passenger","MSC GRANDIOSA"
"106","MT","Malta",32.2,7.82,246.5,"passenger","MARELLA EXPLORER 2"
"107","PA","Panama",37.92,8.65,333.3,"passenger","MSC FANTASIA"
"108","BS","Bahamas",47,9.3,362,"passenger","WONDER OF THE SEAS"
"109","BS","Bahamas",32.2,7.9,279,"passenger","VISION OF THE SEAS"
"110","MT","Malta",32.2,8.32,294,"passenger","CELEBRITY CONSTELLATION"
"111","MT","Malta",39,8.23,326.5,"passenger","CELEBRITY BEYOND"
"112","MT","Malta",25.46,5.95,181,"passenger","AZAMARA QUEST"
"113","MT","Malta",39,8.23,306,"passenger","CELEBRITY EDGE"
"114","NO","Norway",28.8,6.65,228.33,"passenger","VIKING VENUS"
"115","MH","Marshall Islands",25.46,5.83,181,"passenger","SIRENA"
"116","BM","Bermuda",32.25,7.9,294,"passenger","QUEEN VICTORIA"
"117","BM","Bermuda",32.25,7.9,294,"passenger","QUEEN ELIZABETH"
"118","BS","Bahamas",41.4,8.82,347,"passenger","ANTHEM OF THE SEAS"
"119","GB","United Kingdom",42,8.8,344,"passenger","IONA"
"120","GB","United Kingdom",42,8.8,344.5,"passenger","IONA"
"121","IT","Italy",32.25,8,294,"passenger","COSTA LUMINOSA"
"122","IT","Italy",32.2,7.2,253.33,"passenger","AIDABLU"
"123","IT","Italy",32.25,8.1,294,"passenger","COSTA LUMINOSA"
"124","IT","Italy",32.2,7.3,253.26,"passenger","AIDASTELLA"
"125","BM","Bermuda",41,10.3,345,"passenger","QUEEN MARY 2"
"126","PA","Panama",32.2,7.8,292,"passenger","CARNIVAL PRIDE"
"127","FR","France",18,4.7,131.5,"passenger","LE BOUGAINVILLE"
"128","BS","Bahamas",19,5.4,159,"passenger","STAR PRIDE"
"129","BS","Bahamas",19,5.4,159,"passenger","STAR LEGEND"
"130","AG","Antigua and Barbuda",29.8,11.4,222,"containerShip","AS CLEOPATRA"
"131","PA","Panama",32.24,13.6,200,"bulkCarrier","ROYAL ORION"
"132","AG","Antigua and Barbuda",27.4,11.82,171,"depositTank","SLOMAN THETIS"
"133","BS","Bahamas",44,14.66,249.9,"oilTanker","LYRIC MAGNOLIA"
"134","CY","Cyprus",27.34,11.22,182.55,"depositTank","BALTIC MONARCH"
"135","DK","Denmark",19.6,8,129.75,"depositTank","BISCAY"
"136","ES","Spain",22.6,9.2,144,"depositTank","TINERFE"
"137","FR","France",27.4,11.52,184,"depositTank","ADARA"
"138","FR","France",27.4,11.5,184,"depositTank","ASTERION"
"139","IT","Italy",31,11.1,176,"depositTank","VALLE DI CORDOBA"
"140","LR","Liberia",32.26,14.52,229,"oilTanker","NORDIC JOSEPHINE"
"141","LR","Liberia",27.4,11.62,182.84,"depositTank","VORIAS"
"142","MH","Marshall Islands",27.4,11.71,184,"depositTank","HAFNIA ADAMITE"
"143","MH","Marshall Islands",32.24,14.18,228.59,"depositTank","SUNNY LIGER"
"144","MH","Marshall Islands",27.4,11.71,184.06,"depositTank","HAFNIA ALABASTER"
"145","MH","Marshall Islands",31,11.1,176,"depositTank","CAPE BRADLEY"
"146","MH","Marshall Islands",27.4,11.52,184.22,"depositTank","WONDER MIMOSA"
"147","MH","Marshall Islands",32.2,12.67,182.5,"oilTanker","KIBAZ"
"148","MH","Marshall Islands",27.4,11.52,184,"depositTank","PLUTO"
"149","MT","Malta",32.2,12.62,182.5,"depositTank","EMERALD"
"150","MT","Malta",32.2,12.62,182,"depositTank","EMERALD"
"151","MT","Malta",29.4,11.3,176.9,"depositTank","CASTILLO DE ARTEAGA"
"152","MT","Malta",25.3,12.15,182.14,"depositTank","CASTILLO DE TRUJILLO"
"153","MT","Malta",32.2,13.32,183.12,"depositTank","RED GARNET"
"154","MT","Malta",32.2,12.81,183,"depositTank","PINK CORAL"
"155","SG","Singapore",27.4,11.62,183,"depositTank","NORD SNOW QUEEN"
"156","SG","Singapore",27.4,11.9,184,"depositTank","HAFNIA MALACCA"
"157","SG","Singapore",38.4,13.32,220,"depositTank","HAFNIA PRIDE"
"158","TR","Turkey",30,12,222,"containerShip","SASKIA A"
"159","AG","Antigua and Barbuda",16.5,6.26,93.28,"loadCarrier","GULF EXPRESS"
"160","BS","Bahamas",28.5,10.58,189.99,"bulkCarrier","MAZURY"
"161","CY","Cyprus",14,6.25,111,"loadCarrier","ATLANTIC HORIZON"
"162","CY","Cyprus",15.6,6.2,99.9,"loadCarrier","TELMO"
"163","ES","Spain",16.5,6.7,118,"loadCarrier","MORAIME"
"164","ES","Spain",15.2,7.05,118.55,"loadCarrier","ROIBEIRA"
"165","ES","Spain",15.6,6.22,99.9,"loadCarrier","ANZORAS"
"166","ES","Spain",14.4,6.27,89.9,"loadCarrier","MEDAL"
"167","MT","Malta",16.8,6.71,119.95,"bulkCarrier","FOX"
"168","NL","Netherlands",11.42,4.56,99.23,"loadCarrier","EEMS SERVANT"
"169","NL","Netherlands",14.99,7.19,119.5,"loadCarrier","ARKLOW BEACON"
"170","NL","Netherlands",11.42,4.56,99.23,"loadCarrier","EEMS STREAM"
"171","PA","Panama",13.5,6.45,89,"loadCarrier","MUHSINE K"
"172","PA","Panama",13.5,6.63,88.8,"loadCarrier","FAHRIYE K"
"173","TR","Turkey",16.8,6.7,119.95,"bulkCarrier","BURAK DEVAL"
"174","AG","Antigua and Barbuda",12.4,4.36,88.56,"loadCarrier","VIKTORIA-B"
"175","IT","Italy",18.2,7.06,108,"loadCarrier","MARBELLA"
"176","PA","Panama",13.8,5.8,91,"loadCarrier","TURGUT SAHIN"
"177","MT","Malta",15.96,5.51,95,"oilTanker","ECO ELYSIUM"
"178","PT","Portugal",15,6.5,87.5,"oilTanker","SCALI DEL TEATRO"
"179","PT","Portugal",15,6.5,87.5,"oilTanker","VORTEX"
"180","PT","Portugal",14.8,6.5,88.4,"oilTanker","VETRA"
"181","SG","Singapore",17.2,6.11,99.98,"oilTanker","EPIC ST. THOMAS"
"182","SG","Singapore",17.41,7.06,99.85,"oilTanker","JS LEKVAR"
"183","AG","Antigua and Barbuda",15.2,5.64,89.95,"loadCarrier","WILSON HANSTHOLM"
"184","BS","Bahamas",23.6,10.22,190,"bulkCarrier","MAMRY"
"185","BS","Bahamas",28.5,10.4,190,"bulkCarrier","GDYNIA"
"186","BS","Bahamas",28.5,10.4,190.6,"bulkCarrier","KUJAWY"
"187","CY","Cyprus",23.6,10.67,200,"bulkCarrier","ISA"
"188","CY","Cyprus",23.7,10.4,185,"bulkCarrier","SHOVELER"
"189","CY","Cyprus",23.7,9.7,186.4,"bulkCarrier","MANDARIN"
"190","GB","United Kingdom",15.5,6.65,106,"loadCarrier","KAREN C"
"191","LR","Liberia",19.6,8.79,115,"rollOnRollOff","ADAPEARL"
"192","MH","Marshall Islands",27.2,9.82,169,"bulkCarrier","SAGITTARIUS"
"193","MH","Marshall Islands",28.2,10.1,179.99,"bulkCarrier","SEA FAITH"
"194","MT","Malta",22,9.37,142.43,"loadCarrier","TRANSBALTIC"
"195","NL","Netherlands",16.5,7.12,134.5,"loadCarrier","MEDEMBORG"
"196","NO","Norway",13.6,6.36,89.75,"loadCarrier","WILSON PORI"
"197","PA","Panama",32.26,12.16,188,"bulkCarrier","NOTA A"
"198","PA","Panama",18.59,8.33,108,"loadCarrier","IMMENSITY"
"199","PA","Panama",23,8.32,137.03,"bulkCarrier","EYLEM"
"200","PA","Panama",27.2,9.82,169.37,"bulkCarrier","MARITIME VICTORY"
"201","PT","Portugal",30,10.22,180,"bulkCarrier","HANSA BALTICA"
"202","SG","Singapore",32.26,12.8,190,"bulkCarrier","MANDARIN SKY"
"203","FR","France",20,5.11,187,"passenger","CLUB MED 2"
"204","MH","Marshall Islands",25,6,181,"passenger","NAUTICA"
"205","CY","Cyprus",18,7.11,110,"depositTank","GIOCONDA"
"206","DK","Denmark",22,9,147,"depositTank","TERN ISLAND"
"207","DK","Denmark",32.2,13.3,183,"depositTank","TORM NEW ZEALAND"
"208","DK","Denmark",22,9,147,"depositTank","TERN FORNS"
"209","DK","Denmark",19.05,7.6,101.39,"depositTank","KARINA THERESA"
"210","DK","Denmark",29.21,9.52,175.29,"depositTank","BRITTA MAERSK"
"211","DK","Denmark",32.2,12.2,182.9,"depositTank","TORM VOYAGER"
"212","DK","Denmark",15.6,6.3,106,"depositTank","ORASUND"
"213","DK","Denmark",15.2,5.6,90,"depositTank","ORALORA"
"214","FR","France",18,7,116,"depositTank","HYDRA"
"215","HK","Hong Kong",32.2,12.22,183.21,"depositTank","GRAN COUVA"
"216","IT","Italy",25.6,7.85,156,"depositTank","SARACENA"
"217","IT","Italy",15.4,6.45,100,"depositTank","IEVOLI SPRINT"
"218","IT","Italy",16.5,6.87,113.85,"depositTank","ETRUSCO"
"219","IT","Italy",15.4,6.11,100,"depositTank","FALESIA"
"220","LR","Liberia",24,9.72,149,"depositTank","CHEM PLUTO"
"221","LR","Liberia",32.2,13.32,183,"depositTank","NAVIG8 GLADIATOR"
"222","LR","Liberia",24,9.72,149,"depositTank","RICHMOND PARK"
"223","LR","Liberia",24,9.75,146,"depositTank","LAVENDER RAY"
"224","LR","Liberia",32.2,13.32,183.09,"depositTank","PACIFIC MOONSTONE"
"225","LR","Liberia",24.2,9.71,141,"depositTank","FOREST PARK"
"226","LR","Liberia",29.2,9.5,175.26,"depositTank","OM BORNEO"
"227","LR","Liberia",32.2,12.6,183.2,"depositTank","DIGNITY"
"228","LR","Liberia",32.2,13.32,183.23,"depositTank","NAVIG8 GAUNTLET"
"229","MH","Marshall Islands",27.4,11.71,184,"depositTank","NAVIG8 ALABASTER"
"230","MH","Marshall Islands",16.6,6.7,110,"depositTank","EMIRALP"
"231","MH","Marshall Islands",25.6,10.02,169,"depositTank","LOUIS P"
"232","MH","Marshall Islands",23.7,9.71,146,"depositTank","SONGA PEACE"
"233","MH","Marshall Islands",22.6,9.21,144,"depositTank","SONGA OPAL"
"234","MH","Marshall Islands",24,9.76,146,"depositTank","STREAM BALTIC"
"235","MH","Marshall Islands",32.2,13.32,185,"depositTank","NORD MIYABI"
"236","MH","Marshall Islands",17.2,7.2,123,"depositTank","HABIP BAYRAK"
"237","MH","Marshall Islands",20.4,8.71,127,"depositTank","MESABI"
"238","MH","Marshall Islands",27.4,11.56,184,"depositTank","ARDMORE DEFENDER"
"239","MH","Marshall Islands",32.2,13.28,183,"depositTank","SILVER EMILY"
"240","MH","Marshall Islands",25,10.52,160,"depositTank","FAIRCHEM BLUE SHARK"
"241","MH","Marshall Islands",20.4,8.71,128.6,"depositTank","SEA FORTUNE"
"242","MH","Marshall Islands",25,10.52,160,"depositTank","FAIRCHEM ANGEL"
"243","MH","Marshall Islands",32.2,13.29,183.31,"depositTank","STI GRAMERCY"
"244","MH","Marshall Islands",20.4,8.71,128.6,"depositTank","EL ZORRO"
"245","MH","Marshall Islands",22.4,9.7,161.65,"depositTank","AVIVA"
"246","MT","Malta",16.8,6.65,109,"depositTank","ATLANTIS ALHAMBRA"
"247","MT","Malta",16,6.34,108,"depositTank","HITRA"
"248","MT","Malta",16.6,4.6,140,"depositTank","MUBARIZ IBRAHIMOV"
"249","MT","Malta",16,6,108,"depositTank","ATLANTIS ARKI"
"250","MT","Malta",16.6,6.7,110,"depositTank","IVYAN"
"251","MT","Malta",16,6.33,122,"depositTank","BOMAR VESTA"
"252","MT","Malta",17.2,7.24,123,"depositTank","MED PAKIZE"
"253","MT","Malta",15,6.06,100,"depositTank","UMAR 1"
"254","MT","Malta",25.4,10.9,170,"depositTank","MED PACIFIC"
"255","MT","Malta",16.89,6.74,120,"depositTank","YM URANUS"
"256","MT","Malta",16.8,6.29,106,"depositTank","ATLANTIS ANTIBES"
"257","MT","Malta",17.2,7.2,123,"depositTank","HACI FATMA ANA"
"258","MT","Malta",16.6,7.11,104,"depositTank","INEBOLU"
"259","MT","Malta",19.5,7.49,128,"depositTank","BLACK STAR"
"260","MT","Malta",17.2,7.24,119.93,"depositTank","MED EMRE"
"261","MT","Malta",16,6.33,121.62,"depositTank","BOMAR HAUMEA"
"262","MT","Malta",16.8,6.3,105.5,"depositTank","OZDEN-S"
"263","MT","Malta",18,6.51,100.12,"depositTank","ZUGA"
"264","MT","Malta",16.9,6.75,119.6,"depositTank","BOMAR MERCURY"
"265","MT","Malta",20.4,8.71,127.2,"depositTank","NEW SPIRIT"
"266","NL","Netherlands",19,7.85,127,"depositTank","VENEZIA D"
"267","NL","Netherlands",18.8,7.41,115,"depositTank","WILHELMINE ESSBERGER"
"268","NL","Netherlands",19,7.85,126.73,"depositTank","AIGRAN D"
"269","NL","Netherlands",19,7.85,126.72,"depositTank","VENEZIA D"
"270","NO","Norway",20.4,8.81,127,"depositTank","SIGAIA THERESA"
"271","PA","Panama",32.2,13.08,183,"depositTank","NAVE TITAN"
"272","PA","Panama",24.19,9.65,144,"depositTank","XENA"
"273","PA","Panama",20.8,8.1,127,"depositTank","CHEMICAL EXPLORER"
"274","PA","Panama",31,11.1,176,"depositTank","SW MONACO I"
"275","PA","Panama",20.4,8.75,127.9,"depositTank","RF ALICE"
"276","PA","Panama",20.8,8.1,126.76,"depositTank","CHEMICAL EXPLORER"
"277","PA","Panama",27.4,11.52,184.06,"depositTank","SCHWYZ"
"278","PT","Portugal",18.8,7.36,118.14,"depositTank","AMALIE ESSBERGER"
"279","SG","Singapore",23,8.8,145,"depositTank","ERIKA SCHULTE"
"280","SG","Singapore",29.2,9.5,175,"depositTank","MAERSK BORNEO"
"281","SG","Singapore",32.2,12.81,183,"depositTank","STI MARSHALL"
"282","SG","Singapore",20.8,8.1,127,"depositTank","SWAN PRIDE"
"283","SG","Singapore",27.38,9.2,176,"depositTank","REBECCA SCHULTE"
"284","SG","Singapore",26.6,11.52,170,"depositTank","GENUINE GALAXY"
"285","SG","Singapore",29.18,9.5,175.21,"depositTank","MAERSK BELFAST"
"286","SG","Singapore",32.2,13.28,183,"depositTank","BW HAWK"
"287","AG","Antigua and Barbuda",12.8,5.67,100,"loadCarrier","GULF BLUE"
"288","BS","Bahamas",32.26,14.64,229,"bulkCarrier","JAWOR"
"289","BS","Bahamas",32.26,14.6,229,"bulkCarrier","ORNAK"
"290","BS","Bahamas",32.26,14.43,228.99,"bulkCarrier","NEA ELPIS"
"291","HK","Hong Kong",32.25,14.5,229,"bulkCarrier","BBG ENDEAVOR"
"292","HK","Hong Kong",32.25,12.95,200,"bulkCarrier","XING SHOU HAI"
"293","LR","Liberia",36.5,13.97,228,"bulkCarrier","KANG MAY"
"294","LR","Liberia",32,10.52,180,"bulkCarrier","TRAMMO BAUMANN"
"295","LR","Liberia",32.26,14.58,229,"bulkCarrier","NEW EXPLORER"
"296","LR","Liberia",32.26,14.2,225,"bulkCarrier","CABRILLO"
"297","LR","Liberia",38,14.9,229.2,"bulkCarrier","ZEUS"
"298","LR","Liberia",28.4,10.8,179.9,"bulkCarrier","AGIOS NIKOLAOS"
"299","MH","Marshall Islands",32.26,14.43,229,"bulkCarrier","MONT FORT"
"300","MH","Marshall Islands",32.26,13.3,200,"bulkCarrier","GLORY HARVEST"
"301","MH","Marshall Islands",32.24,13,200,"bulkCarrier","YASA JUPITER"
"302","MH","Marshall Islands",32.26,14.52,229,"bulkCarrier","GOLDEN GINGER"
"303","MH","Marshall Islands",32.26,14.17,224.9,"bulkCarrier","GOLDEN AMBER"
"304","MH","Marshall Islands",32.26,12.03,189.99,"bulkCarrier","ELLIE M"
"305","MH","Marshall Islands",28.4,10.17,179.9,"bulkCarrier","ALEXANDROS III"
"306","PA","Panama",32.26,14.58,228.99,"bulkCarrier","THUNDER ISLAND"
"307","PA","Panama",32.26,14.43,228.99,"bulkCarrier","MEDI SYDNEY"
"308","PA","Panama",29.8,10.54,179.97,"bulkCarrier","BUNUN WISDOM"
"309","PA","Panama",23,8.32,137.03,"bulkCarrier","LADY SEMA"
"310","PA","Panama",30,9.93,176.99,"bulkCarrier","DAIWAN ELEGANCE"
"311","SG","Singapore",29.8,10.54,179.97,"bulkCarrier","IMOGEN"
"312","TR","Turkey",32.24,14.57,229,"bulkCarrier","YASA H. MULLA"
"313","SG","Singapore",33.91,9.5,216.19,"depositTank","LERICI"
"314","CY","Cyprus",14.4,6.3,99.95,"loadCarrier","CEMBROOK"
"315","MH","Marshall Islands",30,9.8,180,"bulkCarrier","ORIENT TIDE"
"316","MH","Marshall Islands",32.26,12.95,189.99,"bulkCarrier","IBIS BULKER"
"317","MH","Marshall Islands",32.26,12.6,190,"bulkCarrier","GENCO HUNTER"
"318","MH","Marshall Islands",32,10.5,179.95,"bulkCarrier","TOMINI KAIMAI"
"319","NO","Norway",32.26,12.95,189.99,"bulkCarrier","SPAR RIGEL"
"320","PA","Panama",19.4,8.07,113,"bulkCarrier","AQUIS PERLA"
"321","IT","Italy",31.1,8,196,"carFerry","GRANDE ROMA"
"322","IT","Italy",31.1,9,177,"rollOnRollOff","GRANDE ANVERSA"
"323","IT","Italy",36.45,9.5,200,"carFerry","GRANDE HOUSTON"
"324","IT","Italy",31.1,8.75,176.5,"carFerry","GRANDE PORTOGALLO"
"325","IT","Italy",31.1,9,176,"carFerry","GRANDE SPAGNA"
"326","IT","Italy",31.1,8.75,176.6,"rollOnRollOff","GRANDE ANVERSA"
"327","IT","Italy",31.1,9,177,"carFerry","GRANDE COLONIA"
"328","IT","Italy",31.1,9,176,"rollOnRollOff","GRANDE DETROIT"
"329","MT","Malta",28,8.72,169.59,"carFerry","NEPTUNE ITHAKI"
"330","PA","Panama",37.5,9.93,200,"carFerry","DRIVE GREEN HIGHWAY"
"331","PA","Panama",37.2,10.52,199.98,"carFerry","VICTORIA HIGHWAY"
"332","CY","Cyprus",23.4,6.02,150.43,"ferry","DENIA CIUTAT CREATIVA"
"333","CY","Cyprus",25.6,6.53,186,"ferry","KERRY"
"334","CY","Cyprus",23.4,6.02,150,"ferry","DENIA CIUTAT CREATIV"
"335","CY","Cyprus",25.6,6.79,186.46,"ferry","HYPATIA DE ALEJANDRIA"
"336","CY","Cyprus",25.6,6.79,186.6,"ferry","HYPATIA DE ALEJANDRI"
"337","CY","Cyprus",25.6,6.85,186,"ferry","HEDY LAMARR"
"338","DZ","Algeria",24.29,9.5,172,"containerShip","CIRTA"
"339","DZ","Algeria",21.41,8.05,139,"loadCarrier","TITTERI"
"340","DZ","Algeria",24.29,9.5,171.9,"containerShip","DJANET"
"341","DZ","Algeria",24.29,9.5,171.9,"containerShip","CIRTA"
"342","DZ","Algeria",28.1,9.5,169.95,"containerShip","TAMANRASSET"
"343","ES","Spain",26,6.3,190,"ferry","ABEL MATUTES"
"344","ES","Spain",26,6.3,190.5,"ferry","ABEL MATUTES"
"345","IT","Italy",37.5,10.5,239,"rollOnRollOff","JOLLY CRISTALLO"
"346","IT","Italy",37.5,11.5,240,"rollOnRollOff","JOLLY COBALTO"
"347","LR","Liberia",20.4,7.75,127,"containerShip","PAFILIA"
"348","LR","Liberia",20.4,7.75,127,"loadCarrier","MAX"
"349","LR","Liberia",20.4,8.71,129,"depositTank","DESNA STAR"
"350","PT","Portugal",15.2,7.05,118.55,"loadCarrier","JULIE"
"351","TN","Tunisia",26,7.4,193,"rollOnRollOff","ELYSSA"
"352","TN","Tunisia",19.2,6.98,132.6,"containerShip","CONMAR FJORD"
"353","TN","Tunisia",26,7.4,193,"rollOnRollOff","AMILCAR"
"354","TR","Turkey",18.4,7.47,116.7,"containerShip","AKHISAR"
"355","TR","Turkey",16.2,7.01,113.8,"containerShip","BMI EXPRESS"
"356","CY","Cyprus",27.34,11.22,183,"depositTank","BALTIC ADVANCE"
"357","CY","Cyprus",16.8,6.65,109,"depositTank","GUNGA"
"358","DK","Denmark",17.3,7.41,115,"depositTank","PACIFIC"
"359","DK","Denmark",19.6,8.35,129.91,"depositTank","NORDIC"
"360","DK","Denmark",19.6,8.35,130.12,"depositTank","SCANDIC"
"361","DK","Denmark",19.8,8.15,129.5,"depositTank","KATTEGAT"
"362","DK","Denmark",19.8,8.15,130,"depositTank","KATTEGAT"
"363","FR","France",18,7,116,"depositTank","SEDNA"
"364","GB","United Kingdom",15.6,6,91,"depositTank","STOLT GREENSHANK"
"365","HK","Hong Kong",32.2,13.24,183.06,"depositTank","SILVER MANOORA"
"366","IT","Italy",32.2,11,180,"depositTank","ICHESIA M"
"367","IT","Italy",15.4,6.45,100,"depositTank","LUCA IEVOLI"
"368","IT","Italy",31,11.1,176,"depositTank","DOMINIA"
"369","IT","Italy",19.8,8.15,130,"depositTank","MELIGUNIS M"
"370","IT","Italy",27.4,9.8,183,"depositTank","LADY RINA"
"371","IT","Italy",19,8.22,118.37,"depositTank","DOMENICO IEVOLI"
"372","LR","Liberia",42,15.16,244,"oilTanker","ZALIV AMURSKIY"
"373","LR","Liberia",31,10.52,176,"depositTank","DIDIMON"
"374","LR","Liberia",27.4,11.52,184,"depositTank","LEON POSEIDON"
"375","LR","Liberia",32.26,14.5,228.6,"depositTank","MAISTROS"
"376","LR","Liberia",27.4,11.32,184.32,"depositTank","CONTI BENGUELA"
"377","LR","Liberia",27.4,11.6,182.9,"depositTank","VOGE DIGNITY"
"378","LR","Liberia",32.2,13.52,189,"depositTank","ETC NEFERTARI"
"379","LR","Liberia",27.4,11.62,182.86,"depositTank","NORDIC TATIANA"
"380","MH","Marshall Islands",20.4,8.71,129,"depositTank","WINTER"
"381","MH","Marshall Islands",20.4,8.71,129,"depositTank","SPRING"
"382","MH","Marshall Islands",22.6,9.21,144,"depositTank","SONGA DIAMOND"
"383","MH","Marshall Islands",23.2,9.86,150,"depositTank","QIKIQTAALUK W."
"384","MH","Marshall Islands",32.2,13.3,183,"depositTank","MUSCAT SILVER"
"385","MH","Marshall Islands",27.4,11.72,184,"depositTank","HAFNIA AZOTIC"
"386","MH","Marshall Islands",44,15.02,249.9,"oilTanker","CLEAR STARS"
"387","MH","Marshall Islands",27.4,11.52,184,"depositTank","TRF MOSS"
"388","MH","Marshall Islands",27.4,11.72,184,"depositTank","HAFNIA ARONALDO"
"389","MH","Marshall Islands",27.4,11.48,184.02,"depositTank","ARISTIDIS"
"390","MH","Marshall Islands",44,14.66,250,"oilTanker","ADVANTAGE LIFE"
"391","MH","Marshall Islands",32.2,13.3,183,"depositTank","HAFNIA VIOLETTE"
"392","MH","Marshall Islands",27.42,12,182,"depositTank","VELOS TOPAZ"
"393","MH","Marshall Islands",26.6,9.65,158.9,"depositTank","ARDMORE CHEROKEE"
"394","MH","Marshall Islands",43,14.77,256.39,"oilTanker","STI CONDOTTI"
"395","MH","Marshall Islands",43.8,15.02,248.97,"depositTank","ORANGE STARS"
"396","MT","Malta",27.4,11.32,184,"depositTank","VALTELLINA"
"397","MT","Malta",32.2,12.62,182,"depositTank","MINERVA OCEANIA"
"398","MT","Malta",18.7,7.61,115.5,"depositTank","ALICE N"
"399","MT","Malta",18.9,7.97,132,"depositTank","DUZGIT INTEGRITY"
"400","MT","Malta",27.34,11.72,183,"depositTank","SEAMERIT"
"401","MT","Malta",16.8,6.65,109,"depositTank","ATLANTIS ALMERIA"
"402","MT","Malta",17.2,7.24,124,"depositTank","MED ARCTIC"
"403","MT","Malta",31,11.1,176,"depositTank","MARVEA"
"404","MT","Malta",14.2,6.2,96.3,"depositTank","ADIYAMAN"
"405","MT","Malta",27.34,11.74,182.55,"depositTank","SEAMERCURY"
"406","MT","Malta",16.9,6.75,120,"depositTank","ATA OCEAN"
"407","MT","Malta",16,6.35,108,"depositTank","ATLANTIS ARACELI"
"408","MT","Malta",14.5,5.7,93.1,"depositTank","SUDE-S"
"409","MT","Malta",18.2,7.77,114.99,"depositTank","ANDREA D"
"410","MT","Malta",32.2,13.02,183,"depositTank","SEAPRIDE"
"411","MT","Malta",14.1,5.7,92.85,"depositTank","CANSU Y"
"412","MT","Malta",20.4,8.71,128.6,"depositTank","SHANNON STAR"
"413","MT","Malta",31,11.12,175.98,"depositTank","ASTREA"
"414","MT","Malta",16,6,107.6,"depositTank","ATLANTIS ARKI"
"415","MT","Malta",32.2,12.62,182.5,"depositTank","ZAPPHIRE"
"416","MT","Malta",27.34,11.22,182.55,"depositTank","BALTIC FREEDOM"
"417","MT","Malta",32.2,12.22,183.2,"depositTank","SEAVICTORY"
"418","MT","Malta",44,14.65,249.9,"oilTanker","ABLIANI"
"419","PA","Panama",20.8,8.07,127,"depositTank","SWAN DIGNITY"
"420","PA","Panama",20.8,8.07,126.76,"depositTank","SWAN DIGNITY"
"421","PA","Panama",32.2,12.52,182.72,"depositTank","DVINA GULF"
"422","PT","Portugal",27,8.8,162,"depositTank","THEMSESTERN"
"423","PT","Portugal",23,9,144,"depositTank","HARBOUR FIRST"
"424","PT","Portugal",31.99,10.5,182.78,"depositTank","CB PACIFIC"
"425","PT","Portugal",14.8,6.5,88.4,"oilTanker","SCALI DEL PONTINO"
"426","TR","Turkey",18,6.51,100,"depositTank","ZUGA"
"427","TR","Turkey",16.9,6.77,119.1,"depositTank","KARIA"
"428","BS","Bahamas",32.2,9.82,200,"rollOnRollOff","SWIFT ACE"
"429","BS","Bahamas",32.25,10,200,"rollOnRollOff","TARIFA"
"430","BS","Bahamas",28,8.7,168.06,"carFerry","RCC PASSION"
"431","BS","Bahamas",25,7.9,147.95,"rollOnRollOff","NORDIC ACE"
"432","BS","Bahamas",31.1,8.77,176,"carFerry","ISTRA ACE"
"433","FR","France",25.6,6.51,186.45,"ferry","PELAGOS"
"434","IT","Italy",21.6,5.77,120.78,"ferry","SARDINIA VERA"
"435","LR","Liberia",31.5,9,182.8,"carFerry","LAKE TAUPO"
"436","LR","Liberia",32.26,10,200,"rollOnRollOff","MORNING CORNET"
"437","LR","Liberia",31.5,10.33,200,"carFerry","CSAV RIO GRANDE"
"438","LR","Liberia",29.2,8.52,174.98,"carFerry","UNITED SPIRIT"
"439","MH","Marshall Islands",22.4,6.41,140,"carFerry","VIKING CONSTANZA"
"440","MH","Marshall Islands",31.5,9,182.8,"carFerry","MEDITERRANEAN SEA"
"441","MH","Marshall Islands",23.6,6.62,155,"carFerry","NEPTUNE AVRA"
"442","MH","Marshall Islands",35.4,10.52,200,"carFerry","MORNING POST"
"443","MH","Marshall Islands",32.2,9.82,199.95,"carFerry","SANDERLING ACE"
"444","MH","Marshall Islands",23.6,6.62,155.02,"carFerry","NEPTUNE AVRA"
"445","MT","Malta",28,8.7,168.06,"carFerry","NEPTUNE HELLAS"
"446","MT","Malta",28,8,169.59,"carFerry","NEPTUNE ODYSSEY"
"447","MT","Malta",28,8.72,169.59,"carFerry","NEPTUNE KEFALONIA"
"448","MT","Malta",28,8.7,169.55,"carFerry","NEPTUNE THALASSA"
"449","MT","Malta",26.2,6.65,164.4,"carFerry","NEPTUNE THELISIS"
"450","PA","Panama",29.2,8.52,175,"carFerry","AQUARIUS ACE"
"451","PA","Panama",38,9.73,200,"carFerry","AZUL ACE"
"452","PA","Panama",32.2,9.82,199.95,"carFerry","SUNLIGHT ACE"
"453","SG","Singapore",32.26,10.02,199.9,"carFerry","KING QUEST"
"454","AG","Antigua and Barbuda",25,9.5,161,"containerShip","CORONA J"
"455","AG","Antigua and Barbuda",22.2,7.33,139.6,"containerShip","SPICA J"
"456","BS","Bahamas",19,6.16,122,"rollOnRollOff","AKNOUL"
"457","CY","Cyprus",42.8,14.5,334,"containerShip","EUROPE"
"458","CY","Cyprus",22.5,8.71,134.44,"containerShip","RUTH"
"459","CY","Cyprus",21.3,7.47,137.5,"containerShip","RS LISA"
"460","CY","Cyprus",22.2,9.5,139.6,"containerShip","ANDROMEDA J"
"461","CY","Cyprus",30.2,11.01,197.2,"containerShip","CMA CGM FORT ST LOUIS"
"462","CY","Cyprus",23.25,8.51,147.87,"loadCarrier","CONTSHIP NEW"
"463","FR","France",51,16,366,"containerShip","CMA CGM EVERGLADE"
"464","HK","Hong Kong",40,14,304,"containerShip","SEALAND WASHINGTON"
"465","HK","Hong Kong",30.2,11.15,199,"containerShip","NORA MAERSK"
"466","HK","Hong Kong",30.2,11.15,198.6,"containerShip","NORA MAERSK"
"467","HK","Hong Kong",29.8,11.4,210.54,"containerShip","SAFMARINE NAKURU"
"468","HK","Hong Kong",48.2,15.53,366.47,"containerShip","OOCL MALAYSIA"
"469","HK","Hong Kong",25,9.52,155,"containerShip","MAERSK ARUN"
"470","HK","Hong Kong",40,14.02,304.16,"containerShip","MAERSK KINGSTON"
"471","HK","Hong Kong",48.2,15.5,366.45,"containerShip","MSC MARGRIT"
"472","LR","Liberia",24.5,9.5,155,"containerShip","AS FREYA"
"473","LR","Liberia",29.8,11.4,207,"containerShip","MSC NAISHA III"
"474","LR","Liberia",30,11.5,188,"containerShip","MSC SHIRLEY"
"475","LR","Liberia",38.8,14,237.8,"containerShip","MAERSK PANGANI"
"476","LR","Liberia",42.8,14.52,270,"containerShip","RHODOS"
"477","LR","Liberia",23.25,8.5,148,"loadCarrier","CONTSHIP RAY"
"478","LR","Liberia",48.2,14.52,299,"containerShip","MSC ALBANY"
"479","LR","Liberia",32.26,12.6,260.71,"containerShip","GENOVA"
"480","LR","Liberia",23.5,9.32,157.15,"containerShip","MSC IZMIR F"
"481","LR","Liberia",23.25,8.51,147.81,"containerShip","MSC AZURIT F"
"482","LR","Liberia",27.4,10.92,176,"containerShip","EM HYDRA"
"483","LR","Liberia",22.6,8.8,139,"containerShip","CONTSHIP FUN"
"484","LR","Liberia",32.2,13.02,294,"containerShip","MSC ROCHELLE"
"485","LR","Liberia",48.2,48.2,314.94,"containerShip","MSC RAYSHMI"
"486","LR","Liberia",32.2,12.52,235,"containerShip","MSC MANYA"
"487","LR","Liberia",32.25,13.5,294,"containerShip","MSC ROBERTA"
"488","LR","Liberia",54,16.02,399,"containerShip","MSC ISTANBUL"
"489","LR","Liberia",23.25,8.51,148,"containerShip","ATLANTIC MERCHANT"
"490","LR","Liberia",61,16.5,399.77,"containerShip","MSC APOLLINE"
"491","LR","Liberia",32.2,12.54,269,"containerShip","NEOKASTRO"
"492","LR","Liberia",27.6,9.52,172,"containerShip","CALYPSO"
"493","LR","Liberia",45.6,14.5,340,"containerShip","VARNA BAY"
"494","LR","Liberia",23.25,8.5,147.87,"containerShip","OPS HAMBURG"
"495","LR","Liberia",32.2,13.02,294,"containerShip","MSC SAO PAULO"
"496","LR","Liberia",23.25,8.51,148,"loadCarrier","CONTSHIP OAK"
"497","LR","Liberia",32.2,11.5,243.1,"containerShip","MSC CAPUCINE R"
"498","LR","Liberia",32.24,12.15,207.3,"containerShip","MSC ALDEBARAN III"
"499","LR","Liberia",32.2,12.54,268.8,"containerShip","NEOKASTRO"
"500","LR","Liberia",43.2,14.5,317.8,"containerShip","MSC ARCHIMIDIS"
"501","LR","Liberia",22.8,8.8,139.14,"loadCarrier","MSC MARITINA F"
"502","LR","Liberia",23.25,8.5,147.83,"loadCarrier","CONTSHIP RAY"
"503","LR","Liberia",32.2,12.5,210.4,"containerShip","MAERSK PENANG"
"504","LR","Liberia",29.8,11.4,207.17,"containerShip","MSC MALENA"
"505","LR","Liberia",23.25,8.51,147.84,"containerShip","MSC CHARLOTTE"
"506","LR","Liberia",32.2,13.5,294.05,"containerShip","MSC MARIA CLARA"
"507","LR","Liberia",22.7,7.7,133.7,"containerShip","MSC LILO F"
"508","LR","Liberia",29.8,11.6,208.93,"containerShip","POMERENIA SKY"
"509","LR","Liberia",30.2,11.5,210.05,"containerShip","MSC JULIANA III"
"510","LR","Liberia",32.25,12.63,259.8,"containerShip","MSC SINGAPORE"
"511","LR","Liberia",48.2,14,299.9,"containerShip","CORCOVADO"
"512","LT","Lithuania",23.25,8.51,148,"containerShip","SONATA"
"513","LT","Lithuania",23.25,8.5,148,"containerShip","TOKATA"
"514","MH","Marshall Islands",42.8,14.55,271,"containerShip","ALEXIS"
"515","MH","Marshall Islands",42.8,14.52,334,"containerShip","SEAMAX NEW HAVEN"
"516","MH","Marshall Islands",25.3,9.89,184,"containerShip","CARLA-LIV"
"517","MH","Marshall Islands",42.8,14.5,270,"containerShip","KATHERINE"
"518","MH","Marshall Islands",42.8,14.5,270.06,"containerShip","KATHERINE"
"519","MT","Malta",23.1,8.6,150,"containerShip","MERITO"
"520","MT","Malta",48.2,14.5,299.95,"containerShip","MSC ATHOS"
"521","MT","Malta",22.6,8.25,146,"containerShip","VASSILIS A"
"522","MT","Malta",51,16,366,"containerShip","CMA CGM DIGNITY"
"523","MT","Malta",26.5,10.5,189,"containerShip","LION"
"524","MT","Malta",48.2,14.5,300,"containerShip","MSC AJACCIO"
"525","MT","Malta",51,16,366,"containerShip","CMA CGM BALI"
"526","MT","Malta",42.8,14.52,270.07,"containerShip","CMA CGM VOLTAIRE"
"527","MT","Malta",51,16,366,"containerShip","CMA CGM INTEGRITY"
"528","MT","Malta",51,16,366,"containerShip","CMA CGM SCANDOLA"
"529","MT","Malta",51,16,366,"containerShip","CMA CGM HOPE"
"530","MT","Malta",48.2,14.5,299.84,"containerShip","MSC AJACCIO"
"531","MT","Malta",48.19,14.5,299.87,"containerShip","MSC AZOV"
"532","PA","Panama",32.2,13.02,260,"containerShip","MSC DIEGO"
"533","PA","Panama",32.2,13,274,"containerShip","MSC ALYSSA"
"534","PA","Panama",32.25,12.6,265.06,"containerShip","MSC ANGELA"
"535","PA","Panama",23.25,8.5,147.81,"containerShip","MSC LEVANTE F"
"536","PA","Panama",32.2,13.5,275,"containerShip","MSC LEIGH"
"537","PA","Panama",40,14,304,"containerShip","MAERSK PUELO"
"538","PA","Panama",45.6,15.5,336.64,"containerShip","MSC PAMELA"
"539","PA","Panama",48.2,14.5,300,"containerShip","MSC ADELAIDE"
"540","PA","Panama",32.2,12.1,243,"containerShip","MSC ROSSELLA"
"541","PA","Panama",45.6,15.5,337,"containerShip","MSC CANDICE"
"542","PA","Panama",32.25,12.6,265,"containerShip","MSC KIM"
"543","PA","Panama",32.22,13.52,294,"containerShip","MSC PILAR"
"544","PA","Panama",45.6,15.5,337,"containerShip","MSC JOANNA"
"545","PA","Panama",32.22,13.52,294,"containerShip","MSC FEDERICA"
"546","PA","Panama",42.8,14.5,325,"containerShip","MSC LUCY"
"547","PA","Panama",32.2,13,274,"containerShip","MSC SANDRA"
"548","PA","Panama",32.2,12.1,243,"containerShip","MSC MARTINA"
"549","PA","Panama",23.5,8.65,147,"containerShip","MSC ESHA"
"550","PA","Panama",32.25,12.6,265,"containerShip","MSC TAMARA"
"551","PA","Panama",29.8,11.4,207,"loadCarrier","MSC FLOSTA III"
"552","PA","Panama",61,16.5,400,"containerShip","MSC MINA"
"553","PA","Panama",61,16.5,400,"containerShip","MSC SIXIN"
"554","PA","Panama",42.8,14.5,324.85,"containerShip","MSC RITA"
"555","PA","Panama",40,14,304.13,"containerShip","MAERSK PUELO"
"556","PA","Panama",28.4,11.06,189,"containerShip","MSC GABRIELLA"
"557","PA","Panama",32.25,13.5,294.07,"containerShip","MSC MATILDE"
"558","PA","Panama",32.22,13.5,294.11,"containerShip","MSC VERONIQUE"
"559","PA","Panama",29.8,11.55,201.05,"containerShip","MSC SANDY III"
"560","PA","Panama",32.25,12.5,195.72,"containerShip","MSC MARIA PIA"
"561","PA","Panama",48.4,16.5,365.75,"containerShip","MSC FLAVIA"
"562","PA","Panama",45.6,15.5,337,"containerShip","MSC ESTHI"
"563","PA","Panama",43.2,15,332,"containerShip","MSC SILVANA"
"564","PA","Panama",61.5,16,400,"containerShip","MSC AMBRA"
"565","PA","Panama",29.8,11.4,207.16,"containerShip","NEWYORKER"
"566","PA","Panama",61,16.5,399.77,"containerShip","MSC ISABELLA"
"567","PA","Panama",32.2,12.5,216.05,"containerShip","MSC TASMANIA"
"568","PA","Panama",28.41,11.1,187.26,"containerShip","MSC FLORIANA"
"569","PA","Panama",54,16.02,399,"containerShip","MSC HAMBURG"
"570","PT","Portugal",22.5,8.71,134.4,"containerShip","WEC MONDRIAAN"
"571","PT","Portugal",32.2,12,200.05,"containerShip","MSC JENNY"
"572","PT","Portugal",22.5,8.71,134.44,"containerShip","WEC CORNEILLE"
"573","PT","Portugal",23.25,8.51,148,"containerShip","GEESKE"
"574","PT","Portugal",42.8,14.5,325,"containerShip","MSC BUSAN"
"575","PT","Portugal",48.2,14.5,300,"containerShip","MSC MELINE"
"576","PT","Portugal",22.5,8.71,134.44,"containerShip","CONESTE"
"577","PT","Portugal",22.6,8.8,139.14,"containerShip","MSC ANNE F"
"578","PT","Portugal",48.2,14.5,299.82,"containerShip","MSC GISELLE"
"579","PT","Portugal",23.25,8.5,147.84,"containerShip","WILHELMINE"
"580","PT","Portugal",48.2,14.5,300,"containerShip","MSC SILVIA"
"581","PT","Portugal",48.2,14.5,299.84,"containerShip","MSC MAXINE"
"582","PT","Portugal",23.25,8.51,147.8,"containerShip","GEESKE"
"583","PT","Portugal",32.2,13.5,294.1,"containerShip","MSC MANZANILLO"
"584","PT","Portugal",42.8,15.03,322.97,"containerShip","MSC DARIEN"
"585","PT","Portugal",37.3,12.5,255.38,"bulkCarrier","JADRANA"
"586","PT","Portugal",29.8,11.43,221.7,"containerShip","NORTHERN VOLITION"
"587","PT","Portugal",23.9,9.19,138.97,"containerShip","BARBARA P"
"588","PT","Portugal",48.2,14.5,299.96,"containerShip","MSC JULIE"
"589","PT","Portugal",42.8,14.52,334,"containerShip","MSC NEW HAVEN"
"590","PT","Portugal",32.18,13.45,293.83,"containerShip","MSC BREMERHAVEN"
"591","PT","Portugal",23.9,9.19,138.78,"containerShip","JONA SOPHIE"
"592","PT","Portugal",22.5,8.71,134.44,"containerShip","ANDANTE"
"593","PT","Portugal",42.8,14.5,324.85,"containerShip","MSC CHARLESTON"
"594","SG","Singapore",23.25,8.51,147.8,"containerShip","ATLANTIC MERCHANT"
"595","SG","Singapore",27.4,10.9,177,"containerShip","X-PRESS IRAZU"
"596","SG","Singapore",27.4,10.9,176.9,"containerShip","X-PRESS IRAZU"
"597","SG","Singapore",27.4,9.77,172.07,"containerShip","GREEN SEA"
"598","SG","Singapore",32.2,11.28,200,"containerShip","X-PRESS MACHU PICCHU"
"599","MH","Marshall Islands",20.4,8.9,128.8,"depositTank","BOMAR JUPITER"
"600","MT","Malta",18.9,7.98,131.84,"depositTank","MANAS"
"601","NL","Netherlands",19,7.85,126.73,"depositTank","NQ CALIPSO"
"602","CY","Cyprus",17,7.6,104.95,"depositTank","OTELLO"
"603","DK","Denmark",24.19,9.67,144.09,"depositTank","NORDIC MAYA"
"604","IT","Italy",31,11.11,176,"depositTank","FENICUSA M"
"605","IT","Italy",15.4,6.45,99.9,"depositTank","IEVOLI SPRINT"
"606","IT","Italy",18,7.45,109.95,"depositTank","IEVOLI SPEED"
"607","LR","Liberia",23.72,10.12,163,"depositTank","STOLT SPAN"
"608","LR","Liberia",44,14.82,250,"oilTanker","GHIBLI"
"609","LR","Liberia",25.5,10.52,159,"depositTank","STOLT VANGUARD"
"610","LR","Liberia",32.2,13.3,183.15,"depositTank","SOLAR CHERYL"
"611","MH","Marshall Islands",24.19,9.62,144,"depositTank","CITY ISLAND"
"612","MH","Marshall Islands",27.4,11.52,184,"depositTank","TRF MOBILE"
"613","MH","Marshall Islands",23.7,9.95,145.53,"depositTank","CHEM TIGER"
"614","MH","Marshall Islands",44,14.65,249.93,"oilTanker","FRONT FAVOUR"
"615","MT","Malta",18.2,7.46,115,"depositTank","ALVISE DP"
"616","MT","Malta",19,7.56,112,"depositTank","VERONICA DP"
"617","MT","Malta",18.2,7.77,115.99,"depositTank","IRENE DP"
"618","MT","Malta",26.2,10.02,170.11,"depositTank","CHEM EAGLE"
"619","MT","Malta",27.4,11.92,184.26,"depositTank","CIELO DI ULSAN"
"620","MT","Malta",21.6,9.11,134.03,"depositTank","CHEMICAL CHALLENGER"
"621","NO","Norway",32.2,12.07,182.88,"depositTank","BOW LIND"
"622","PA","Panama",24.2,9.73,148,"depositTank","CYPRESS GALAXY"
"623","PA","Panama",32.2,12.17,183,"depositTank","NCC DALIA"
"624","PA","Panama",24.2,9.71,141,"depositTank","PVT SUNRISE"
"625","PT","Portugal",18.8,7.36,118,"depositTank","ELLEN ESSBERGER"
"626","PT","Portugal",18.59,7.8,119.62,"depositTank","CORAL ESSBERGER"
"627","PT","Portugal",18.6,7.8,119.64,"depositTank","ROLAND ESSBERGER"
"628","PT","Portugal",28,10.42,184.96,"depositTank","STOLT MAPLE"
"629","PT","Portugal",18.8,7.36,118.14,"depositTank","ELLEN ESSBERGER"
"630","SG","Singapore",26.6,11.52,170,"depositTank","GENUINE VENUS"
"631","SG","Singapore",32.24,14.02,228,"depositTank","TORM SARA"
"632","BS","Bahamas",32.2,10.52,183,"depositTank","DIADEMA"
"633","BS","Bahamas",32.2,13.02,186,"depositTank","ARTEMIS"
"634","BS","Bahamas",42,12.2,228.6,"oilTanker","ALBERTA"
"635","DK","Denmark",32.2,12.6,183.2,"depositTank","TORM AMALIE"
"636","DK","Denmark",18.2,7.45,115,"depositTank","SIGRID THERESA"
"637","DK","Denmark",16.9,6.74,119.6,"depositTank","LESSOW SWAN"
"638","DK","Denmark",32,13.3,183.06,"depositTank","TORM SUCCESS"
"639","DK","Denmark",32.2,13.3,183,"depositTank","NORD SUPERIOR"
"640","HK","Hong Kong",32.2,13.27,183,"depositTank","SILVER MUNA"
"641","IT","Italy",32.2,11,180,"depositTank","RINELLA M"
"642","IT","Italy",15.4,6.11,99.71,"depositTank","FALESIA"
"643","IT","Italy",23,9.6,161.08,"depositTank","DATTILO M"
"644","IT","Italy",31,11.1,175.99,"depositTank","MAGNIFICA"
"645","LR","Liberia",32.2,11,180,"depositTank","NORIENT SOLAR"
"646","LR","Liberia",27.4,11.62,183,"depositTank","KRITI EPISKOPI"
"647","LR","Liberia",27.4,11.52,184,"depositTank","MOUNT EVEREST"
"648","LR","Liberia",27.4,11.32,184,"depositTank","CONTI BENGUELA"
"649","LR","Liberia",27.4,11.62,182.86,"depositTank","KRITI EPISKOPI"
"650","LR","Liberia",32.2,13.29,183,"depositTank","ATHLOS"
"651","LR","Liberia",32.2,12.43,183,"depositTank","ATOLL"
"652","LR","Liberia",43,15.24,244.16,"oilTanker","AURVIKEN"
"653","LR","Liberia",32.2,12.8,179.9,"depositTank","PRIORITY"
"654","LR","Liberia",43,15.22,244,"oilTanker","AQUASURAZO"
"655","MH","Marshall Islands",20.4,8.9,129,"depositTank","BOMAR JUPITER"
"656","MH","Marshall Islands",27.4,11.52,184,"depositTank","DINAH"
"657","MH","Marshall Islands",38,13.27,219,"depositTank","PACIFIC MARTINA"
"658","MH","Marshall Islands",27.38,11.59,182.86,"depositTank","SUNNY SKY"
"659","MH","Marshall Islands",32.2,13.32,183.06,"depositTank","OVERSEAS SUN COAST"
"660","MT","Malta",18.9,7.97,132,"depositTank","BASAT"
"661","MT","Malta",16,6.32,122,"depositTank","SEYMA"
"662","MT","Malta",31,11.12,176,"depositTank","RED OPAL"
"663","MT","Malta",26.2,10.02,170,"depositTank","CHEM EAGLE"
"664","MT","Malta",26,9.81,138.5,"depositTank","SPECTRUM"
"665","MT","Malta",19.05,7.61,101,"depositTank","BOMAR SEDNA"
"666","MT","Malta",32.2,12.22,183,"depositTank","SEABRIGHT"
"667","MT","Malta",25.3,12.15,182,"depositTank","CASTILLO DE TRUJILLO"
"668","MT","Malta",16,6.33,122,"depositTank","BOMAR HAUMEA"
"669","MT","Malta",27.34,11.22,182.55,"depositTank","GIANNUTRI"
"670","MT","Malta",27.34,11.22,182.55,"depositTank","BALTIC WAVE"
"671","MT","Malta",21.7,8.7,142.98,"depositTank","FMT URLA"
"672","MT","Malta",16.89,6.76,119.6,"depositTank","EMEK-S"
"673","MT","Malta",27.4,11.92,184.26,"depositTank","CIELO DI CAPRI"
"674","MT","Malta",16,6.34,107.6,"depositTank","HITRA"
"675","MT","Malta",21.6,8.6,148,"depositTank","YM JUPITER"
"676","MT","Malta",31,11.1,175.96,"depositTank","LIBERA"
"677","MT","Malta",16.6,6.7,99.99,"depositTank","SEDAT BASAK"
"678","MT","Malta",18.2,7.45,115.26,"depositTank","TOMMASO S"
"679","NO","Norway",25.6,12.02,170,"depositTank","RUNDEMANEN"
"680","PT","Portugal",28,11,185,"depositTank","EBERHARDT ARCTIC"
"681","PT","Portugal",32,10.5,182.81,"depositTank","CB BALTIC"
"682","PT","Portugal",27.4,11.52,184,"depositTank","MOUNT EVEREST"
"683","SG","Singapore",27.4,11.8,183,"depositTank","MAERSK KATALIN"
"684","TR","Turkey",16.6,6.7,99.99,"depositTank","SELENA ATK"
"685","MT","Malta",15,6.5,88,"oilTanker","SCALI DEL TEATRO"
"686","AG","Antigua and Barbuda",22.6,8.8,139,"containerShip","HELENE"
"687","CY","Cyprus",23.4,7.42,151,"containerShip","HERCULES J"
"688","DE","Germany",19.4,7.42,151,"containerShip","SPICA"
"689","DE","Germany",42.8,14.5,321,"containerShip","YANTIAN EXPRESS"
"690","DE","Germany",42.8,14.61,335,"containerShip","BREMEN EXPRESS"
"691","DE","Germany",42.8,14.52,321,"containerShip","DALIAN EXPRESS"
"692","DE","Germany",42.8,14.61,335,"containerShip","VIENNA EXPRESS"
"693","DE","Germany",32.2,13.55,294.03,"containerShip","ROTTERDAM EXPRESS"
"694","DE","Germany",32.2,13.55,294,"containerShip","TOKYO EXPRESS"
"695","DE","Germany",42.8,14.52,321,"containerShip","NINGBO EXPRESS"
"696","DE","Germany",42.8,14.61,336,"containerShip","CHICAGO EXPRESS"
"697","DE","Germany",48.2,15.5,367,"containerShip","HONG KONG EXPRESS"
"698","DE","Germany",19.4,7.42,151.14,"containerShip","SPICA"
"699","DE","Germany",19.4,7.42,151.14,"containerShip","WEGA"
"700","DK","Denmark",29.8,11.4,210,"containerShip","MAERSK NORFOLK"
"701","DK","Denmark",29.8,11.4,210.54,"containerShip","MAERSK NEWPORT"
"702","DZ","Algeria",21.41,8.05,138.64,"loadCarrier","TITTERI"
"703","HK","Hong Kong",48.2,16,366,"containerShip","PARIS EXPRESS"
"704","HK","Hong Kong",30.5,9.5,178,"containerShip","DELPHIS RIGA"
"705","HK","Hong Kong",42.8,15.03,322.97,"containerShip","OOCL EUROPE"
"706","HK","Hong Kong",32.2,13.65,294,"containerShip","ALTAMIRA EXPRESS"
"707","HK","Hong Kong",30.5,9.5,177.56,"containerShip","DELPHIS RIGA"
"708","HK","Hong Kong",42.8,15.03,323,"containerShip","OOCL EUROPE"
"709","LR","Liberia",29.8,11.4,211.85,"containerShip","ANTWERP TRADER"
"710","LR","Liberia",30,12,222.2,"containerShip","IRENES RAINBOW"
"711","LR","Liberia",27.9,9.53,175,"containerShip","TASMAN STRAIT"
"712","LR","Liberia",29.8,11.4,225.32,"containerShip","HAMMONIA BALTICA"
"713","LR","Liberia",32.2,12,231,"containerShip","TRF PARTICI"
"714","LR","Liberia",30,12,222.17,"containerShip","IRENES REMEDY"
"715","LR","Liberia",48.2,15.5,366,"containerShip","AL QIBLA EXPRESS"
"716","LR","Liberia",32.2,13.5,294.04,"containerShip","FOS EXPRESS"
"717","LR","Liberia",48.2,15.5,366.08,"containerShip","ALULA EXPRESS"
"718","LR","Liberia",48.2,15.5,366.1,"containerShip","UNAYZAH EXPRESS"
"719","LR","Liberia",32.25,12.62,261.4,"containerShip","ZIM CHINA"
"720","MH","Marshall Islands",51,15.52,369,"containerShip","AL NASRIYAH"
"721","MH","Marshall Islands",25.6,9.2,159,"containerShip","RUTH BORCHARD"
"722","MH","Marshall Islands",32.25,12.6,260,"containerShip","SYNERGY ANTWERP"
"723","MH","Marshall Islands",51,15.52,368,"containerShip","AFIF"
"724","MH","Marshall Islands",51,15.52,368.35,"containerShip","AL DHAIL"
"725","MH","Marshall Islands",25.6,9.2,158.72,"containerShip","RUTH BORCHARD"
"726","MH","Marshall Islands",51,15.52,368.52,"containerShip","SALAHUDDIN"
"727","MT","Malta",30,12,222.11,"containerShip","SATIE"
"728","MT","Malta",48.2,15.5,366,"containerShip","UNAYZAH"
"729","MT","Malta",29.8,11.55,199.95,"containerShip","TEOMAN A"
"730","MT","Malta",48.2,14.5,299.91,"containerShip","CMA CGM JACQUES JOSEPH"
"731","MT","Malta",19.4,7.35,134,"containerShip","X-PRESS MONTE BIANCO"
"732","MT","Malta",28.1,9.5,169.94,"containerShip","JOSITA B"
"733","MT","Malta",30,12,222,"containerShip","SATIE"
"734","MT","Malta",48.2,15.5,366,"containerShip","JEBEL ALI"
"735","MT","Malta",46,14.52,320,"containerShip","APL ANTWERP"
"736","MT","Malta",19.4,7.36,133.58,"containerShip","X-PRESS MONTE BIANCO"
"737","MT","Malta",32.25,12.6,260,"containerShip","ZIM LUANDA"
"738","MT","Malta",32.26,12.6,260,"containerShip","ZIM MONACO"
"739","MT","Malta",32.24,12,213,"containerShip","EMMA A"
"740","MT","Malta",24.5,9,184.01,"containerShip","WANDA A"
"741","MT","Malta",30,12.02,222.15,"containerShip","SINE A"
"742","MT","Malta",30.2,11.5,210,"containerShip","CMA CGM VITORIA"
"743","PT","Portugal",23.4,8,151.72,"containerShip","NIEVES B"
"744","PT","Portugal",21.8,7.33,141,"containerShip","DORIS SCHEPERS"
"745","PT","Portugal",22.5,8.71,134.44,"containerShip","DINA TRADER"
"746","PT","Portugal",22.5,8.71,134,"containerShip","DINA TRADER"
"747","PT","Portugal",22.5,8.71,134.44,"containerShip","ATLANTIS A"
"748","PT","Portugal",30,12,222.14,"containerShip","AS CARELIA"
"749","PT","Portugal",21.8,7.33,141,"containerShip","DREAM"
"750","PT","Portugal",23.5,8.6,157.93,"containerShip","SVENDBORG"
"751","PT","Portugal",30,15.52,222.14,"containerShip","AS CARELIA"
"752","PT","Portugal",30.2,11.5,210,"containerShip","BOMAR CALAIS"
"753","PT","Portugal",23.2,8.7,141,"containerShip","AVILA"
"754","PT","Portugal",30,12,222,"containerShip","AS CARELIA"
"755","PT","Portugal",22.5,8.71,134.44,"containerShip","DAGMAR"
"756","SG","Singapore",40,14.02,293,"containerShip","MOL PRESENCE"
"757","SG","Singapore",37.3,13,249.92,"containerShip","MEDITERRANEAN EXPRESS"
"758","SG","Singapore",29.8,11.4,211,"containerShip","MAERSK NAIROBI"
"759","SG","Singapore",25,9.5,170.02,"containerShip","GFS SAPPHIRE"
"760","TR","Turkey",29.8,11.4,210.52,"containerShip","GULBENIZ A"
"761","TR","Turkey",35.19,11,186,"containerShip","IZMIT EXPRESS"
"762","TR","Turkey",35.2,11,186.02,"containerShip","MERSIN EXPRESS"
"763","CY","Cyprus",17,7.6,105,"depositTank","OTELLO"
"764","CY","Cyprus",18,7.1,110,"depositTank","ARABELLA"
"765","DE","Germany",26.4,9.05,168,"depositTank","AURELIA"
"766","DK","Denmark",23,8.9,144,"depositTank","BRO NYBORG"
"767","DK","Denmark",19.6,8,130,"depositTank","ERRIA SWAN"
"768","DK","Denmark",16,7,103,"depositTank","ORALYNN"
"769","DK","Denmark",14.1,5.7,92.86,"depositTank","SUSANNE THERESA"
"770","IT","Italy",16.5,6.87,114,"depositTank","ETRUSCO"
"771","IT","Italy",20.4,9.4,138,"depositTank","ENRICO IEVOLI"
"772","IT","Italy",18,7.45,110,"depositTank","IEVOLI SPEED"
"773","IT","Italy",16.98,6.6,100,"depositTank","COSMO"
"774","IT","Italy",19.6,8,129.75,"depositTank","RUBINO"
"775","IT","Italy",15.4,6.42,99.67,"depositTank","ALESSANDRO F"
"776","LR","Liberia",27.4,11.52,184,"depositTank","NORVIKEN"
"777","LR","Liberia",32.26,11.15,180,"depositTank","HISTRIA DIONE"
"778","MH","Marshall Islands",23.7,9.69,146,"depositTank","MARMOTAS"
"779","MH","Marshall Islands",22,8.5,120,"depositTank","EVA DP"
"780","MH","Marshall Islands",24,9.76,146,"depositTank","STREAM ATLANTIC"
"781","MH","Marshall Islands",16.6,6.7,109.98,"depositTank","EMIRALP"
"782","MH","Marshall Islands",20.4,8.65,122,"depositTank","PORTOLA"
"783","MH","Marshall Islands",23.9,9.32,146.5,"depositTank","ORCHID AMERICAS"
"784","MH","Marshall Islands",20.4,8.71,128.6,"depositTank","TRIPLE A"
"785","MH","Marshall Islands",32.2,13.32,183.06,"depositTank","SILVER ZOE"
"786","MH","Marshall Islands",27.1,10.02,159.03,"depositTank","CHEM RANGER"
"787","MT","Malta",19.8,8.15,130,"depositTank","ATLANTIK MIRACLE"
"788","MT","Malta",15,6.04,100,"depositTank","LILLO SWAN"
"789","MT","Malta",18.6,7.8,110,"depositTank","NORTHSEA BETA"
"790","MT","Malta",15,6.04,99.9,"depositTank","LILLO SWAN"
"791","MT","Malta",18.9,7.97,132,"depositTank","SELENKA"
"792","MT","Malta",18.8,7.4,115,"depositTank","TRANS EMERALD"
"793","MT","Malta",21.7,8.7,143,"depositTank","FMT BERGAMA"
"794","MT","Malta",17.2,7.24,124,"depositTank","MED ANTARCTIC"
"795","MT","Malta",17.2,7.2,124,"depositTank","HEATHER"
"796","MT","Malta",16.8,6.29,105.5,"depositTank","ATLANTIS ANTIBES"
"797","MT","Malta",16.9,6.75,119.6,"depositTank","ATA OCEAN"
"798","MT","Malta",16,6.97,100,"depositTank","LIKYA C"
"799","MT","Malta",17.2,7.24,123.9,"depositTank","MED ARCTIC"
"800","MT","Malta",16.6,7.11,103.6,"depositTank","TRANS HOLM"
"801","MT","Malta",16.6,6.7,99.99,"depositTank","TARSUS"
"802","MT","Malta",20,8.75,123.22,"depositTank","TRANS CHEMICA"
"803","MT","Malta",17.2,7.24,119.9,"depositTank","MED SERHAT"
"804","MT","Malta",17.2,7.24,123.25,"depositTank","MED CANARY"
"805","MT","Malta",31,11.1,176,"depositTank","GEA"
"806","NL","Netherlands",18.8,7.41,115,"depositTank","LISA ESSBERGER"
"807","NL","Netherlands",18.8,7.4,115,"depositTank","ANNELIESE ESSBERGER"
"808","NO","Norway",16.6,7.11,104,"depositTank","KILSTRAUM"
"809","NO","Norway",18.8,7.81,118.14,"depositTank","TRANS EXETER"
"810","PA","Panama",21.6,9.11,134,"depositTank","CHEMICAL CHALLENGER"
"811","PA","Panama",28,10.7,179.99,"depositTank","GOLD TRADER I"
"812","PA","Panama",27.4,11.52,184.32,"depositTank","STAR N"
"813","PT","Portugal",22.4,9.7,161.65,"depositTank","HARBOUR EXPRESS"
"814","SG","Singapore",23.7,9.76,147,"depositTank","MTM SOUTHPORT"
"815","SG","Singapore",24,9.72,149,"depositTank","FAIRCHEM INTEGRITY"
"816","TR","Turkey",16,7.88,100,"depositTank","EMIN REIS"
"817","CY","Cyprus",24,3.39,87,"ferry","CECILIA PAYNE"
"818","MT","Malta",24.2,5.5,154.51,"ferry","BAHAMA MAMA"
"819","AG","Antigua and Barbuda",23.5,9.8,185,"bulkCarrier","LAKE ERIE"
"820","BS","Bahamas",30,10.33,179.99,"bulkCarrier","UNITY NORTH"
"821","CY","Cyprus",15.6,6.2,100,"loadCarrier","TELMO"
"822","ES","Spain",15.2,7.05,119,"loadCarrier","ROIBEIRA"
"823","ES","Spain",15.9,6.54,118.14,"loadCarrier","ATALAYA TMA"
"824","HK","Hong Kong",28.2,10.2,177.5,"bulkCarrier","JIN XING LING"
"825","HK","Hong Kong",32.24,13.03,199.9,"bulkCarrier","CL CHRISTINA"
"826","IT","Italy",18.2,7.06,108,"loadCarrier","SDS GREEN"
"827","IT","Italy",20,7.6,140,"loadCarrier","HERMANA"
"828","IT","Italy",20,7.79,140,"loadCarrier","HARTURA"
"829","IT","Italy",18.2,7.06,108,"loadCarrier","SDS RED"
"830","IT","Italy",20,7.79,140.3,"loadCarrier","HARTURA"
"831","IT","Italy",18.2,7.06,108.2,"loadCarrier","SDS RED"
"832","LR","Liberia",31,10.03,183,"bulkCarrier","STELLAR RIONI"
"833","LR","Liberia",32.26,12.94,198,"bulkCarrier","VAN JAGUAR"
"834","MH","Marshall Islands",32.26,13.3,200,"bulkCarrier","KENNADI"
"835","MH","Marshall Islands",28.4,10.8,179.9,"bulkCarrier","PURPLE SEA"
"836","MT","Malta",16.3,7.15,106.8,"loadCarrier","GUNERLER"
"837","MT","Malta",18.2,7.05,108.2,"loadCarrier","MANISA BALU"
"838","MT","Malta",32.26,12.8,190,"bulkCarrier","PERTH I"
"839","PA","Panama",32.2,11,180,"bulkCarrier","NORD SINGAPORE"
"840","PA","Panama",28.2,10.1,180,"bulkCarrier","CIARA ENTERPRISE"
"841","PA","Panama",12.5,6.4,88,"loadCarrier","FOCHA"
"842","PA","Panama",15.4,5.65,98,"loadCarrier","GLORIA 1905"
"843","PA","Panama",32.26,13.3,200,"bulkCarrier","PORTO LEONE"
"844","PA","Panama",31.6,9.97,182.94,"bulkCarrier","BUNUN RESPECT"
"845","PT","Portugal",30,10.5,179.98,"bulkCarrier","EDWARD OLDENDORFF"
"846","CY","Cyprus",16.51,4.01,139,"ferry","GUBAL TRADER"
"847","CY","Cyprus",24.8,6.9,187,"ferry","GOLDEN BRIDGE"
"848","CY","Cyprus",25,6.9,204,"ferry","GNV SPIRIT"
"849","ES","Spain",25.6,6.71,186,"ferry","CIUDAD DE PALMA"
"850","ES","Spain",28.7,7.4,183,"ferry","CIUDAD DE ALCUDIA"
"851","ES","Spain",21,6,141.25,"carFerry","BOUZAS"
"852","ES","Spain",24.2,5.5,155,"ferry","CIUDAD DE MAHON"
"853","ES","Spain",26.4,6.7,176,"ferry","CIUDAD DE BARCELONA"
"854","IT","Italy",26.8,6.69,188,"ferry","MAJESTIC"
"855","IT","Italy",28.41,6,186,"ferry","GNV ALLEGRA"
"856","IT","Italy",28.41,6.7,166.3,"ferry","GNV ALLEGRA"
"857","IT","Italy",28.41,6,166.3,"ferry","GNV ALLEGRA"
"858","IT","Italy",26.8,6.74,202.78,"ferry","EXCELLENT"
"859","IT","Italy",27.6,6.3,164,"ferry","GNV BLU"
"860","IT","Italy",27.6,6.3,164.41,"ferry","GNV BLU"
"861","IT","Italy",25,6.9,204,"ferry","GNV SPIRIT"
"862","IT","Italy",29,6.53,161,"ferry","GNV ATLAS"
"863","IT","Italy",25.59,6.55,203,"ferry","GNV BRIDGE"
"864","IT","Italy",28,6.82,188.15,"ferry","FANTASTIC"
"865","IT","Italy",25.6,6.79,186.44,"ferry","GNV SEALAND"
"866","IT","Italy",26.8,6.9,202.78,"ferry","EXCELSIOR"
"867","MH","Marshall Islands",32.26,14,225,"bulkCarrier","YASA TEAM"
"868","MT","Malta",16,6.32,122,"depositTank","REKON"
"869","NL","Netherlands",12.4,4.94,89,"loadCarrier","MARRY-S"
"870","PA","Panama",35,14.47,229,"bulkCarrier","NAVIOS CORAL"
"871","PA","Panama",32.24,14.52,228.9,"bulkCarrier","NEW WAVELET"
"872","DK","Denmark",27.4,11.8,183.18,"depositTank","KIRSTEN MAERSK"
"873","DK","Denmark",32.2,12.22,183,"depositTank","TORM HORIZON"
"874","DK","Denmark",32.2,11.15,183,"depositTank","MAERSK CUMULUS"
"875","DK","Denmark",15.6,6.3,106.2,"depositTank","ORASUND"
"876","DK","Denmark",16,6.97,100,"depositTank","LIKYA THERESA"
"877","DK","Denmark",19.05,7.6,101.39,"depositTank","TINA THERESA"
"878","HK","Hong Kong",27.4,11.32,184,"depositTank","ATLANTIC JUPITER"
"879","IT","Italy",20,8.29,137,"depositTank","GIULIA IEVOLI"
"880","IT","Italy",16.8,7.38,112,"depositTank","LEALE"
"881","IT","Italy",31,11.1,176,"depositTank","MAGNIFICA"
"882","IT","Italy",31,11.6,176,"depositTank","VALLE DI NAVARRA"
"883","IT","Italy",32.2,11,180,"depositTank","NINA"
"884","IT","Italy",31,11.1,176,"depositTank","MARIA M"
"885","IT","Italy",31,11,176,"depositTank","FUTURA"
"886","IT","Italy",20.4,8.03,136.5,"depositTank","ACQUAMARINA"
"887","IT","Italy",23,9.65,161.08,"depositTank","CALAJUNCO M"
"888","IT","Italy",31,11,175.96,"depositTank","FUTURA"
"889","LR","Liberia",27.34,11.72,183,"depositTank","AMPHITRITE"
"890","LR","Liberia",17.6,7.2,113,"depositTank","GLOBAL LAKE"
"891","LR","Liberia",27.4,11.62,182.86,"depositTank","CHEM NICHOLAS"
"892","LR","Liberia",32.2,11,180,"depositTank","NORIENT SATURN"
"893","LR","Liberia",27.4,11.32,184.32,"depositTank","KRITI CAPTAIN"
"894","LR","Liberia",32.2,11,180,"depositTank","HISTRIA GEMMA"
"895","LR","Liberia",27.4,11.32,184.32,"depositTank","ALKEA"
"896","LR","Liberia",32.2,13.09,182.5,"depositTank","PACIFIC AZUR"
"897","LR","Liberia",27.4,11.52,184.32,"depositTank","ROSE I"
"898","LR","Liberia",32.2,13.02,183,"depositTank","ELANDRA BLU"
"899","LR","Liberia",32.2,12.07,179.88,"depositTank","ANTARES I"
"900","LR","Liberia",32.2,13.12,182.5,"depositTank","PACIFIC COBALT"
"901","MH","Marshall Islands",27.4,11.52,184,"depositTank","NAVIG8 ALMANDINE"
"902","MH","Marshall Islands",27.4,11.71,184,"depositTank","NAVIG8 ACHROITE"
"903","MH","Marshall Islands",27.4,11.71,184,"depositTank","NAVIG8 ADAMITE"
"904","MH","Marshall Islands",20.4,8.71,129,"depositTank","TRIPLE A"
"905","MH","Marshall Islands",27.4,11.71,184.06,"depositTank","HAFNIA ACHROITE"
"906","MH","Marshall Islands",27.34,11.22,182.55,"depositTank","MAVROUDA"
"907","MH","Marshall Islands",32.22,13.3,183.32,"depositTank","UOG SYROS"
"908","MH","Marshall Islands",32.24,14.22,228,"depositTank","LA BOHEME"
"909","MH","Marshall Islands",32.2,13.51,189.02,"oilTanker","BEKS EBRU"
"910","MH","Marshall Islands",32.2,13.33,183.12,"depositTank","STI PONTIAC"
"911","MT","Malta",17.19,6.86,121,"depositTank","FT QUINTO"
"912","MT","Malta",27.4,11.02,183,"depositTank","AZAHAR"
"913","MT","Malta",17.2,6.86,120,"depositTank","FT NERVI"
"914","MT","Malta",32.2,11,180,"depositTank","HISTRIA IVORY"
"915","MT","Malta",16.9,6.79,114,"depositTank","HIRA V"
"916","MT","Malta",22.4,9.7,162,"depositTank","MEHMET A"
"917","MT","Malta",31,11.1,176,"depositTank","GEORGIA"
"918","MT","Malta",16.6,6.7,100,"depositTank","TARSUS"
"919","MT","Malta",32.2,10.5,180,"depositTank","HISTRIA CORAL"
"920","MT","Malta",16,6.36,107.6,"depositTank","BOMAR CERES"
"921","MT","Malta",16,6.35,107.6,"depositTank","ATLANTIS ARACELI"
"922","MT","Malta",17.2,6.86,119.86,"depositTank","FT NERVI"
"923","MT","Malta",15.8,6.58,107.34,"depositTank","BOMAR MARS"
"924","MT","Malta",15.8,6.65,109,"depositTank","YM MARS"
"925","MT","Malta",21.7,8.7,142.98,"depositTank","FMT BERGAMA"
"926","MT","Malta",17.19,6.86,120.68,"depositTank","FT QUINTO"
"927","MT","Malta",32.2,12.22,183,"depositTank","MRC SEDEF"
"928","MT","Malta",32.2,13.28,183.06,"depositTank","EUROSAILOR"
"929","NO","Norway",32.2,12.32,183,"depositTank","FINNANGER"
"930","PA","Panama",32.2,13,183,"depositTank","OMODOS"
"931","PA","Panama",31,11.6,176,"depositTank","DUKE I"
"932","PA","Panama",16.8,6.29,105.5,"depositTank","BARBAROS ULUC VARDAL"
"933","PA","Panama",32.2,12.43,183,"depositTank","SW TROPEZ I"
"934","SG","Singapore",32.2,12.58,183,"depositTank","TORM ALICE"
"935","SG","Singapore",37,14.02,228,"depositTank","BOW PIONEER"
"936","SG","Singapore",32,10.22,180,"depositTank","HANS MAERSK"
"937","SG","Singapore",29.18,9.52,175.24,"depositTank","MAERSK BRIGIT"
"938","IT","Italy",34,7.2,238,"rollOnRollOff","ECO SAVONA"
